,Days_0
898,-0.038016528925619915
2113,-0.0023708052270610125
1476,0.0012937850400116526
2107,-0.0025327262379054587
997,0.03143226036240576
573,-0.01734693877551019
20,-0.017857142857142683
647,-0.0002703433360369268
1885,-0.01947777844780807
2197,-0.015536990133444006
2070,0.049340258281864065
1120,-0.032504956429526444
2124,0.009341117597998272
2110,0.015558114132199654
1336,-0.06606751424813673
79,0.004842615012106588
1392,-0.01492890995260665
802,-0.017418937209439208
1189,0.00782512116316636
1930,-0.03535824637089724
1987,-0.0333227881472109
1224,0.021921583364649774
2129,0.027795962902345872
2307,0.028387216475717736
868,0.004166666666666653
1600,0.016753814961050214
1350,-0.030254777070063743
1466,-0.008946165366122805
706,0.04934141752038479
656,0.007914220066377098
1486,0.0076637143774953564
2132,-0.03269043108891578
1934,0.012492382693479742
988,-0.004635503074070457
425,0.000302023557837483
1020,0.0023634215071355325
520,-0.03554576910978291
40,-0.0075376884422110315
269,-0.02731307613519973
1838,0.014689104392469954
1347,0.11173506119510446
877,0.0021641999441497357
2078,0.17347131472598853
364,-0.01950100372813301
1717,-0.011536377832308207
2020,0.012432890647075643
996,0.0881213060749928
1924,-0.004391074469038303
902,0.04342863664897578
1419,-0.0011392936379445162
880,-0.028167202572347283
743,0.0046045226644837465
363,0.013073794305636044
1512,0.019879404560015024
486,-0.009591474245115415
500,0.049704877291084186
2058,-0.004915058551871797
908,0.04568897858504317
1077,-0.008755013884603424
478,0.07055961070559613
1241,0.01309368900455432
2229,-0.01168109785982685
1861,0.008159999999999945
781,-0.05571579317622244
2185,0.0012670141905588572
2076,-0.006654176626397113
1154,-0.0077972709551656924
1785,0.0197765747723504
1834,-0.0027841052897998875
2240,-0.024860606680648708
2149,-0.03703277083453327
1519,-0.009436901847318048
1984,-0.0067718514381457364
118,0.040878378378378384
277,-0.09007352941176472
1405,0.007907221929362107
1110,0.005552853437094774
2170,-0.011673775696738331
1626,0.029725094839681887
2270,-0.0012155943388034718
400,-0.01690902942171124
1222,-0.0008023648648648463
1132,-0.00926169783162134
919,0.1394440615667356
1366,-0.021923352586534
255,0.004135079255685792
1572,-0.015216039044930409
1571,0.0074234755362738705
1641,-0.0010573153002335633
1508,0.027957545948744444
65,0.009309162175404229
2207,-0.006400931044515557
976,0.01574844901638484
1093,0.012737785971675077
492,0.018543956043955975
2117,0.06190344658257385
1815,0.031155284930235005
858,-0.004448838358872886
1384,0.035990390915046966
1662,0.02562368201169773
134,0.00743626062322944
1859,0.00842241658568188
2017,-0.005468699736215664
968,-0.04307280365634092
1516,0.003889969435954432
1988,0.014763099523653622
1066,0.00690866978155813
1209,0.02016855848394794
1329,-0.02659668313338037
1817,0.013664727100392238
637,-0.0032699167657550547
158,-0.0073118279569893705
702,0.05288683602771371
1634,0.023458863036699414
1124,-0.030533228778670818
532,-0.0383471074380165
1470,-0.03920595533498772
876,0.01790790221716887
281,-0.049481245011971264
7,-0.02011494252873547
2181,-0.07843566337376506
1523,-0.0043756906077347954
1266,0.0116148948485435
1903,0.004399748585795171
1254,-0.009339858781335251
1054,0.017015753992573712
1342,0.012407891609222732
959,-0.048710208562019686
348,-0.012485136741973936
655,0.02727511146079209
1089,-0.057685767726577186
791,-0.011498863484423085
2190,0.0034606866002215853
1951,-0.05129072257919065
1744,0.02198028542003816
9,0.09371554575523701
1193,-0.028412373299721683
510,0.016134236850597006
756,0.005461682881037655
556,0.01726618705035965
1443,0.023227603558271026
2147,0.019023424807255163
1085,0.021130732850262568
982,0.020549927641099863
1643,0.00991223090694726
1097,0.04437805775641857
530,0.036670333700036695
1511,0.009943384556829526
2023,0.006820119352088705
1122,-0.009000382995021039
2296,-0.06544680851063832
1410,-0.07260594307876589
153,-0.016624040920716118
2054,-0.010996840344464465
1244,-0.020703125000000044
1849,-0.03152052604590838
1609,0.0257163051160767
403,0.02975206611570247
2258,-0.030075520028264857
1949,-0.07665305537645972
2134,-0.05282758206445037
603,0.002430133657351119
2287,-0.032117875915732015
1191,-0.03678366051953197
906,-0.02411458624741236
2248,0.047611780863726416
2256,-0.0012887170599474864
23,0.04923518164435925
526,0.00255941499085921
2192,-0.021566278183204446
1618,-0.0397043294614573
265,0.024237972824091125
1613,0.010304964168017959
1799,0.010329722370212568
306,0.019720624486442077
1872,-0.0049148099606815
1018,-0.008104623319211579
675,0.014327407800477587
568,0.027729027729027852
773,0.04287901990811638
165,0.03206596426935415
917,-0.0017621564985473848
1012,0.01821335646140509
758,0.04208608122179802
2210,-0.02767514308483654
674,0.028376534788540294
1434,0.011307144945901015
2291,0.011570964247020532
676,0.006277792309704378
2021,-0.0108847334635781
1126,0.06044116218054608
2281,0.01810354768036282
1245,0.002832070203430348
948,-0.02219290392498696
1082,-0.01458424031345229
1657,-0.009171773077683354
289,-0.015695067264574036
1942,-0.024241481250972474
1604,-0.02478164790066295
173,-0.011226944667201309
160,0.08274956217162878
853,-0.10239940937615356
1591,0.01334399520215901
1298,0.02186065536517745
2208,-0.0032576866764274515
1168,0.02550658920221061
132,0.0391352963101006
1240,-0.01232981244226683
374,-0.011827956989247213
2313,0.01908111672895152
28,-0.02908163265306118
607,-0.0037186241090797494
159,-0.010398613518197486
2143,0.057697429750965375
1330,-0.023154651320857256
80,-0.0014457831325301873
2279,-0.009683166782864627
922,-0.030609012433673862
777,0.009457849270181784
270,-0.017199017199017175
2061,0.0007480230818550647
2141,-0.06814903846153852
1531,0.018125840163045748
254,-0.0037761757638173905
934,0.02589964954269597
340,-0.0058864265927977
1449,0.03956395471189866
133,0.012912482065997157
1182,-0.013781356457107541
1294,-0.05120470127326149
49,-0.009090909090908927
2323,0.0025351176128334267
200,0.00842358604091453
291,0.03963414634146334
1570,0.004941142275831867
1055,-0.012867321257665432
1416,0.02734375
705,0.018309559293165908
894,-0.005615020178978858
73,0.014822134387351802
1309,0.007083065035415449
524,0.04905794525417706
1556,-0.014892663246501068
747,0.012477028726182391
1022,0.013252573094088671
1999,0.0049669397956280115
1283,0.01445846477392232
1081,0.011626882762265422
1277,0.04667799691711783
1116,-0.004448320976886189
2064,-0.021225919439579743
2187,0.02386147673681993
835,-0.041039990672729336
914,0.027594208747414584
1588,0.022400803616273283
1155,0.0360510805500982
1938,-0.010621979103354495
536,-0.056143727943535386
2202,0.033302365468448565
1236,-0.0025850069596340397
527,-0.042669584245076615
1797,-0.012673334848829376
597,0.024736147757255852
732,-0.051663192241457434
2112,0.01684651589943753
2172,0.013529973335089096
456,0.0
1104,-0.018169166537807424
553,0.02802101576182148
210,-0.002169197396963085
149,-0.007883817427385975
2157,0.018970189701897008
1109,0.01622868440563474
2179,0.05667091922379641
232,-0.05374917053749173
1369,0.003255490928032012
1487,0.025229984515893863
170,0.014154870940882525
2018,-0.0008409884849270853
34,-0.01984334203655347
620,0.005950609937518614
51,0.027268220128904064
1656,0.0017425052473170055
1968,-0.009772101883863573
2174,-0.01007721502421144
352,-0.03206650831353919
1301,0.0023341918866710554
1478,0.001592049401775375
92,-0.014011208967173784
312,0.02926258291065165
523,-0.02832469775474955
1095,-0.015087184137845709
2265,0.01660252394164496
1113,-0.05267462784230337
2154,-0.0110500893270693
821,-0.04222160817905496
24,-0.03143507972665138
1008,-0.04292507925913558
679,-0.003578732106339522
2004,0.001257967125125825
761,-0.009558525718914579
1043,-0.00535763169215131
1198,0.06335078534031413
2211,-0.002682363460248971
2230,-0.010166129432184423
2252,-0.03611239060340854
931,-0.015321545405606929
895,0.03923298629492389
1134,0.0008099716509921695
787,0.0022244546498275675
146,0.006868686868686913
497,0.007851758793969932
665,-0.08770108977685531
613,-0.0056047197640117785
631,0.04399173309713622
872,0.0019641043007110337
576,0.0010574550581599065
217,0.015048369759942616
870,0.05599713569638376
614,0.0056363097003855325
2051,-0.0008077042559800908
591,-0.011282051282051177
1196,-0.006250993272236105
1527,0.034822513159670665
765,-0.14309288071664314
967,0.02702574557868287
227,-0.003728560775540735
78,0.02992518703241886
1185,-0.004956566172713339
216,0.02912979351032452
2264,0.002782265302459175
53,0.04071969696969702
1315,0.013736474560662959
1525,-0.03441933788754603
2071,-0.0023075379573272987
96,0.03217158176943702
907,0.02270381836945301
1488,-0.009239516702203354
379,0.007716590669940349
464,0.004736530491414871
1616,-0.03339791964103611
1502,-0.011288028265956984
1045,0.022470597398551503
1753,-0.010497149251345485
465,-0.04360636417206831
958,0.06977199334572859
980,0.027224868388067147
357,0.02842703727100448
110,-0.03747221340107965
10,0.002520161290322509
1042,-0.0040894220283532725
1550,-0.007456652591860569
874,-0.029384756657484083
1019,0.021448467966573848
991,-0.013738771196618038
116,-0.06612111292962353
1526,0.008027210884353764
1950,0.03239196213825757
1203,-0.005310573731626357
1260,0.04038640163477614
501,-0.02012429712932817
1764,-0.0248610381350074
1220,-0.010817772054088737
738,0.02076124567474036
2139,0.05611615474646503
658,-0.020897043832823647
1415,0.003788130524357003
2104,-0.0009958992384299092
1402,-0.014359914451573474
253,0.02969247083775195
570,0.021947873799725626
730,0.046910384988676716
1855,-0.004599362659745697
431,-0.00821762538962878
141,-0.058676654182272185
1376,0.06069926274367909
1170,-0.015578277225812618
1975,0.03388996308665848
299,-0.00563502384048542
76,-0.015092502434274513
311,-0.008510638297872464
248,0.018375597206909292
472,-0.06790697674418611
1894,0.06263819571672258
67,0.006193425440686129
2081,-0.043995929443690684
278,-0.020606060606060628
990,0.006138231029482855
115,-0.030774111675126888
812,0.03074415467625902
1898,-0.005119100458647607
1164,0.004386829652996971
1635,0.02901471829005353
12,0.061531007751937976
1156,0.035175879396984966
1742,-0.0018767778071023809
1004,-0.005445565452319556
1683,-0.006919023291363291
1583,0.0070464767616191795
2029,-0.033101600867402214
1745,0.01592191638834506
1141,-0.021532952675892725
46,-0.0004748338081670411
1172,0.01683352964271689
810,-6.015761294586586e-05
339,-0.016683690840994303
2060,-0.028413220280325224
831,-0.004140335585094745
2225,0.044776730848013147
1184,0.03720585117659514
857,-0.005896805896805857
1997,0.09744787551952737
2047,-0.009566270040449965
748,-0.038498280473824975
2315,0.04907871274518128
1107,0.003915395172358061
145,0.002836304700162051
156,0.00043084877208099387
310,-0.006151480199923065
420,-0.011830819284235572
944,0.040873111057807776
1630,0.001185243715738915
1544,-0.001654666607039057
409,0.012540192926044913
1356,-0.001446502729690602
1738,0.021307459222487116
325,0.006881564650488947
1986,0.02770753558268924
1500,0.0127465574990695
1562,-0.0113464447806354
582,-0.02706453851492019
1035,0.04509732801354138
387,0.02208544532947143
1557,0.025533420972798204
1216,-0.027532802753280183
1071,-0.010054392615790329
1068,-0.0014172909495848707
2212,-0.004930892790437014
1370,-0.019080171332150675
833,-0.05888767720828793
74,0.010223953261927932
1267,0.013312480927677672
1659,-0.010677569166038127
1480,-0.01742762494598871
2114,-0.016917984553144638
1365,0.030096412750803436
445,-0.07918968692449346
1758,0.0021954470609759635
304,0.0524475524475525
372,-0.008928571428571397
2056,-0.02196498428782156
1644,-0.00609650639916981
774,0.04042043434577658
545,-0.040000000000000036
1456,0.027076103623597803
518,0.0037325038880249295
1295,-0.047113717069947936
1907,0.01543063618054741
1663,-0.0011250339449895288
754,-0.017299771167048058
2301,-0.022270433011600144
1271,0.02767057452850774
440,-0.0023721665788085647
1024,0.00013420416927623077
1485,0.007816113218018783
1685,-0.004940792160065377
356,0.006677265500794949
776,0.0192804007894336
1499,-0.01335658879148116
1492,0.00013701132626975363
54,-0.047315741583257465
450,0.010577213659715756
1568,0.0028342455043002253
1396,-0.005771655834707512
2231,-0.0522294589178357
946,-0.021234096139649997
494,-0.012764528048370805
26,-0.04205378973105134
2142,-0.031471688378692075
333,0.0185515519086692
1009,-0.0007845530227085229
1305,-0.014822657490735747
1458,0.010521718414992387
426,-0.0015096618357487435
1963,0.019673954603913968
2218,-0.019856006062902387
661,-0.004681404421326364
596,-0.03161929096135418
185,0.005402971634398845
180,-0.0004382120946538892
1882,-0.0229291468704812
259,-0.015966678236723264
1766,-0.05582561374545225
1665,0.02716727716727729
2150,0.029994019138755986
1138,-0.001561908368042486
1229,-0.006472361809045314
2199,0.02636591104305941
453,-0.00031007751937983663
533,0.011000343760742435
1058,-0.00395990153758341
131,0.005999250093738251
757,-0.021897810218978075
1180,-0.002933780385582563
891,0.15738481412372618
249,-0.005052327679538116
1682,-0.010429521117789942
1552,-0.021773716987135816
2167,-0.005560794770901656
823,0.011548237374295443
103,0.02603413364188589
2084,0.048850574712643764
634,-0.0017441860465114976
2300,-0.004276330291407615
1876,0.043727985275918035
66,0.018932038834951204
905,0.009146857884930082
90,-0.01847389558232926
370,0.003154574132492094
1268,-0.009448522492000677
414,-0.01344009150700598
1814,0.009593383873190977
1620,0.029371245935967405
600,-0.017845761631612445
2046,-0.02574502358761932
864,-0.03973738769868696
11,0.037707390648567214
1427,0.010678830158304288
1159,-0.016426082628173244
298,-0.03874999999999995
1677,0.015270275758437313
496,0.06452691407556001
1694,-0.000901925414689586
391,0.007894736842105177
337,0.03859527121001394
286,-0.010344827586207028
1980,-0.012982755229165257
1548,0.008567711837796699
383,-0.02129195236376757
468,-0.07021866338158289
448,-0.020814479638008976
974,0.0024190155658392327
2306,0.007053437967114995
2085,-0.022526636225266402
649,-0.0021036024191427587
693,-0.07307171853856564
1971,-0.0006120783460282775
2216,-0.038461538461538436
64,-0.0714285714285714
1360,-0.010272260351802176
1747,0.028777978590296183
1841,-0.019072794974560048
537,-0.0006798096532971697
856,0.008174386920980936
1217,-8.847600088479624e-05
2328,-0.0052038161318299645
1493,0.0077172473628932545
1749,0.004729654091570668
2024,-0.027503371279831827
168,0.0020929259104227604
201,0.017501988862370643
1015,0.03928849768486686
1895,-0.00808537201628978
615,0.007964601769911539
225,-0.008156028368794366
932,-0.02868076874553172
1506,-0.0013220787145326038
2072,0.0025810344249657113
604,-0.01606060606060611
2048,-0.08928305261588909
2182,-0.031988873435326866
2232,0.02334698911942201
1200,0.02174661746617468
39,0.03645833333333326
1096,-0.033315196919599936
727,-0.02612853013119853
741,-0.0557721139430285
1065,0.0015198176218853554
541,-0.01355472721111495
892,0.01773423451354872
1558,-0.0055218656017355094
1996,-0.018905439104940358
2097,0.050943276376802286
1751,0.012528261736933109
2238,-0.060220401794421785
1690,-0.0020988360999809608
174,0.0024330900243307862
1501,0.0010564997703261805
33,0.01970181043663466
581,0.02708481824661435
1776,0.014326999938510719
205,0.03844660194174754
612,-0.020797227036395083
701,-0.010285714285714342
1137,0.00566423913560854
1513,-0.011639722863741377
1354,-0.027002911618296262
539,-0.009570957095709542
1322,0.0070950739914859015
1448,0.03403403403403393
1788,-0.00487517861645792
221,-0.03448275862068961
2299,0.031326725470582906
260,-0.0063492063492063275
2052,-0.004787961696306353
2219,-0.042642851619887234
969,-0.02860864531069085
2201,0.004450506065609039
162,-0.01779661016949163
1460,-0.025642035607373548
1754,-0.004308023694130192
320,0.07227387996618773
94,-0.04495912806539515
1374,0.007188277578103364
1382,0.003787548976926347
2095,-0.01917454273475216
43,-0.01962757926522396
744,0.021592992462823316
2251,0.01982337467117623
1870,-0.007511737089202053
207,0.020462296324365248
2031,0.03802575395891461
1400,0.012901935290293707
315,-0.061092019854906525
720,0.10605187319884736
1386,0.008064177411903017
148,0.003748438150770417
1688,-0.00879844961240317
2243,-0.008637943748024957
1135,-0.013938222202239059
1913,-0.030894545454545508
326,0.0050359712230216855
755,0.091467958271237
2118,-0.0060115606936416155
2146,0.00948263008796757
1076,-0.0011172323458027431
2288,0.002095360273679736
1484,-0.018431087706555327
965,-0.0007696377892154603
86,-0.01968864468864473
2108,-0.05486291403954247
1916,-0.08628985507246367
517,-0.0359820089955023
2028,-0.020766324204478104
1890,0.02948450297093297
2011,0.02699618630071177
2035,0.02746665747665156
2310,-0.019243589173814413
376,0.0046813107670147245
1152,-0.03209049422274002
1919,0.025116396921420314
855,-0.03949559838210803
1839,0.010962754743499614
1603,-0.02503334359290033
697,-0.03179536218025336
1334,0.025755727260403868
1780,0.012514723203769227
1886,-0.024323493234932214
2194,0.022918458144838727
1094,0.0036822507240381608
164,-0.0018289894833105613
1278,-0.0037761498376255313
371,-0.021663172606568915
528,-0.005714285714285672
452,-0.03989282524560889
2293,-0.013806126731011448
1961,-0.030398881267896364
1420,0.0669948373154039
1559,-0.02156561400029744
75,-0.010120481927710869
95,0.06419400855920121
415,-0.00811594202898558
1884,0.008146391877925652
826,0.024588221353240902
59,-0.015601409159537116
1136,-0.04204094660526192
1447,0.012693375644585505
2161,-0.0056676490591702775
1576,0.047394990932705834
154,0.06155179887299522
1174,-0.029556407986623286
1654,-0.0005498605710695381
735,-0.05288461538461542
1483,0.023558384833418437
879,0.027012746846311275
587,0.0036469730123995787
1567,-0.008238829116991475
1424,0.015525796297284344
850,0.006531204644411925
1413,-0.03089376053962911
70,0.0
1782,0.0018238354362256626
1687,0.04805622131047649
584,0.003965392934390799
1767,0.014214940258394647
2115,-0.026763360096693445
2223,-0.019607021659893583
1679,0.0018398528117749
266,0.028684116170670567
1918,0.017105856581405954
1199,0.0007385524372229835
2033,-0.03088211315832368
258,-0.030945173225698012
469,-0.0043060616098046225
1806,0.007701455348547492
1031,-0.0001257756163005608
1206,-0.005437136120868158
1235,0.016247019359010517
571,-0.016778523489932917
83,-0.01685393258426959
412,0.0172619047619047
1181,0.017969735182850055
2205,-0.08234810321784736
1772,0.013512259979592269
962,-0.006705028771578747
111,0.041240514681623264
2239,0.014320552067659476
642,0.008211143695014744
1917,-0.015258699996827718
489,-0.009924709103353857
784,-0.0367320261437909
1357,0.0330373831775701
2131,-0.04727789778786462
240,0.020459440057430056
1238,-0.004409701342954486
143,0.06293402777777768
1621,-0.005085653104925147
2325,0.02459567223690695
1964,0.02294187830236916
271,-0.012857142857142791
375,0.007254261878853806
422,-0.01075268817204289
878,0.05475444096133741
493,0.0037086985839513975
1425,0.00835347273300413
1921,0.036486612267692564
1292,0.022471469469391048
975,-0.010649459657958271
1652,0.01712090875658889
543,0.02604340567612695
2073,0.0019391507856902914
639,0.010635065329687166
2184,-0.0010848340203949425
1737,0.02093069176594486
2158,-0.0022219229733370094
847,-0.01302139228732935
1606,-0.0377068307170132
1953,0.07255261092213973
2286,-0.0026830677784197565
214,-0.009366804046459398
1161,-0.005471767518852254
1149,-0.0016367423866679998
98,-0.006066734074823166
89,0.1437758383096004
1166,0.0005382921458283452
2043,0.008625336927223781
955,0.02681656438553981
1534,-0.006205985915492929
733,0.0030583962534647124
2019,0.03111039171252838
395,0.024280911468061328
190,0.1703922395613664
1099,0.007202331390508077
1846,-0.016249195204954492
127,-0.04435629282365672
2309,-0.002659456584371389
55,-0.03390639923591221
1808,-0.01634777715250424
482,0.06306608520630674
535,0.04108216432865741
1515,0.006994963626189232
1464,-0.007605911330049286
938,-0.038096902442221185
840,-0.0319207150240165
1072,0.04653679653679643
1909,-0.010614253426029173
1912,-0.015748031496062964
1655,-0.007702283176798884
1453,-0.02772161741835144
2183,-0.030908326324642577
1791,-0.02236404148213356
1395,0.02930457790424845
421,0.029931158335827487
772,0.019474116680361364
1563,0.0018362662586073328
619,-0.04679523539421437
1719,0.017626283899815354
1866,0.003993028046268332
1210,0.04789647103767725
1818,-0.02571428571428569
1101,-0.007885932770431814
1080,0.010997818246582636
150,0.0012547051442910462
264,-0.01269035532994911
682,-0.0039671294984414684
1426,-0.029073099567550775
1495,0.013686838254282518
1757,0.01649840595111596
683,-0.0019914651493598834
1843,0.0009494985460802852
786,-0.04173829333700052
1730,-0.027492995905298526
1385,0.003794426409207796
651,-0.0002665245202559952
290,0.04601366742596813
1272,-0.05487848083327429
2193,-0.007495639912427077
1239,0.0025770082544795962
108,-0.05822416302765643
1937,0.056056484396491024
2009,-0.03994129665333368
1477,-0.008039816232771835
262,-0.035963687150837975
1828,0.019354083096653433
999,0.002949982388164685
2053,0.008497344579818655
722,-0.05193621867881548
759,0.012657173786326805
155,-0.0522662311147406
746,0.011643835616438336
359,0.031181102362204838
1450,0.03433337382080248
611,0.023654642223536197
1579,-0.035786241964885335
1157,0.0008701227331013861
1970,0.03012470225584973
1786,0.0650526251189052
236,-0.011498257839721249
680,-0.054643406875320544
408,-0.04542664211172487
861,0.002678430754687211
1826,0.004416961130742081
1121,-0.0045749142203583846
2221,0.02692013268690996
502,-0.045303533675626666
1629,0.02485069339001922
1725,-0.0037619588130372032
820,-0.06243523316062183
1820,-0.019871091974004496
1640,0.04608507304484077
696,0.011119168479574615
487,0.0010760401721665591
114,-0.016536661466458602
1438,0.02005136754832604
483,-0.04039129062795843
2276,0.009826452175291324
272,0.01917510853835025
60,0.027607361963190247
428,0.03655728267127212
1678,0.0001200048001919196
608,0.03359253499222392
644,0.019409038238701992
1823,0.0007536450331893096
1435,0.03686746987951817
783,-0.00312744331508985
1256,-0.0063246400535735825
694,0.022141119221411158
161,-0.04569348968863729
2253,0.02222116027907872
242,-0.04475524475524484
1793,0.016570262944644698
837,-0.020155934161132042
838,-0.04008016032064121
1327,-0.03934399072310113
358,-0.02487714987714995
138,-0.0179252479023646
598,0.01738010943031854
1575,0.016591928251121102
2196,-0.034632508576016414
1845,0.001012767002209758
1248,0.010943366083552952
203,0.005193767479025224
547,-0.009759498082955731
347,0.07373124800510711
432,0.009142857142857121
2087,0.02596836220909471
994,-0.004646158360639641
1755,0.0065981611681991134
1368,-0.0100124618624039
1803,-0.006866829478523129
1601,0.013906381192275495
1871,-0.004338890157570163
178,-0.012903225806451646
1005,0.014685908319185037
1535,0.021347269586784238
1669,-0.004341946045982037
825,-0.03405253820179699
397,0.034680014301036836
1032,0.04377542035305471
2003,0.03753117930274397
1778,0.04299634591961032
1165,0.002846346370908304
1505,-0.10450343791266348
365,-0.09651945013161732
1075,-0.004028854270585525
2278,0.018300859824879726
6,-0.0034364261168385872
2314,0.01617843737866176
477,0.04390420899854863
58,-0.04333172845450162
1234,-0.00012123171421640766
124,-0.1508806912595546
542,0.0288560632085193
815,0.01596007239620456
1521,-0.0051008892700762365
669,0.01945977345338368
1528,-0.002173818529629168
1587,0.02650030934213232
8,0.06392961876832848
1041,-0.012233592367469459
1901,-0.007460536928217577
355,-0.019332709697536643
473,-0.020958083832335328
979,0.021249359959037317
1100,0.03782085727276496
625,-0.012489108335753674
2140,-0.003204840207266302
1697,0.026755976611649638
204,0.02344992050874395
623,0.0005782017924254035
1316,-0.012339137017411073
885,-0.017116876170098938
550,-0.0133239831697054
1028,-0.02455006115673586
1489,0.0008518651362983133
1800,0.03345539768565975
1226,0.003783205855744765
177,-0.034067303697548845
1981,-0.03019331694678795
1249,0.0288005689001265
1542,-8.864855281243145e-05
846,-0.07535062185763419
621,0.017450458444247197
188,0.02881720430107526
224,0.0702087286527513
2119,0.01148522912305183
2242,0.006147323794382764
884,-0.0035976015989339642
1016,-0.031407146007939916
1027,0.017377005466423734
2173,-0.007275561907236661
2136,-0.0762422991525159
1371,-0.009703599153140341
84,0.009047619047619191
1320,-0.03300766805496092
1148,0.025690593681640284
806,0.008622798434442247
1036,0.0024679932130187154
1011,-0.016123237222671394
2068,-0.0012195121951219525
2016,-0.0722535589578297
2204,0.020742969077934825
1565,0.024847819578884375
983,-0.006239364719228591
151,-0.012949039264828821
475,-0.020904729266620903
461,-0.004478948939982018
1409,0.0106640534931981
385,0.01263470828688229
829,0.023480970398397586
1404,0.0086669856968149
1289,0.018222278204643727
2160,0.0380219189134674
1049,0.022132949291290727
1796,-0.03028299027307046
992,-0.01466075690419366
2311,0.040329889432662684
1223,0.012171928489919992
466,-0.01940850277264328
1197,0.018177941254864386
1139,-0.0015643517421188855
499,-0.047069271758437004
1263,-0.0482305509929819
2250,0.040977995110024416
921,-0.0018181818181818297
2088,0.0031300718757245605
2269,-0.011840411840411845
1714,0.010214538362368186
1509,0.01631830773105003
924,0.01708173690932302
1418,-0.011323215556082513
1686,0.010176864048586198
1746,0.01927164517500346
381,-0.01680672268907568
2308,0.01759054620901179
1759,-0.015543095579606203
882,-0.013185515612699985
1433,-0.016960521272518125
930,0.030203489612217863
1025,0.005591090038914004
565,-0.09784735812133072
81,0.006274131274131456
1773,-0.02504728781499776
1810,0.01764722955910969
1862,-0.020028566894143784
50,-0.02607436021245768
1391,-0.02156271736610249
280,0.06006768189509293
219,0.02216475803472484
2057,-0.006098160716042189
1190,0.010469368331413207
1397,-0.0013171374213376552
1299,0.08072407045009777
1727,0.012326464545850737
1653,0.022858749799132383
588,-0.005087209302325646
677,0.01637639719261763
1692,-0.042913866829566334
1440,0.023975251353441474
72,0.0
1300,0.0225935223671756
1125,0.0404934027602244
504,-0.017209011264080143
1010,-0.02874591057797171
1712,0.01755203996669441
1317,0.0004598758335250253
2102,0.006186824677588243
860,0.05344398340248957
382,-0.013176638176638056
2069,-0.03350970017636678
294,0.04129793510324475
767,-0.010145530145530102
546,0.013064971751412413
1769,0.035342509096661916
1462,-0.006720806496779641
1437,0.016442246038288918
316,-0.019113460756404962
1207,0.0004354136429607358
953,-0.02792226911375006
1428,0.039290644578952934
1777,-0.004607177497575332
140,-0.06279251170046796
344,0.018228333866325608
1252,-0.010361510037712685
1046,-0.0030851266425442336
788,0.01668217942292549
1628,-0.005586592178770888
2121,0.027288448574024796
925,-0.008554387066394664
1358,0.0033021214999775506
1105,0.014646822584455375
41,-0.002531645569620267
522,-0.0298257372654156
718,0.005044136191677096
1119,0.011802575107296098
1147,0.02417548064398467
942,0.02435847964499338
578,-0.024011299435028218
987,0.0011724474841232626
686,0.016939738961399664
1763,0.002383922383922377
307,0.03948428686543104
1928,-0.017990039729170237
681,-0.04233378561736778
1625,0.0013008637735456574
2000,0.04545740729081405
1960,0.02128672470076176
2241,-0.010124324607879156
1889,-0.012715626585489527
1442,-0.049778005464480864
1904,0.0034986915462511536
960,-0.0006250300495216353
329,0.033552151714077334
1452,-0.03096978373897985
1711,-0.003947717622080682
308,-0.0011627906976744429
1087,0.018130679359584567
2268,-0.007662835249042209
1539,-0.014972935219137453
2180,0.016330939823346213
222,-0.02406015037593989
1030,0.02250610880096016
1825,-0.004017948793148984
910,0.00030525030525030417
724,0.08734087694483739
2015,-0.022977110365942518
274,0.02129925452609149
1741,0.01763652641002666
1672,0.01895456048194521
1702,0.017352271204609467
1729,0.005292479108635062
234,0.04763560500695396
402,0.022650439486139318
2305,-0.004279069767441857
933,0.013031995497250648
1983,0.008093461890351206
957,0.031597011911972395
1622,0.03927898843153077
1880,0.016455059338838174
1718,-0.004965019183028718
643,0.004072134962187279
1481,0.03180885370858988
191,-0.03927927927927932
1090,0.09518653854829262
380,-0.00591715976331364
438,0.09741784037558676
1989,-0.004371663023614025
208,0.005569996286669099
1933,-0.015449227538623213
1364,-0.0058287638702992925
1632,-0.0052205565400641465
1661,-0.0008745776187636388
1102,0.010437575270975552
31,0.040909090909090784
590,0.03981514397440456
807,0.0036985387740251507
852,-0.015625
672,0.026839826839826886
1098,-0.004228505099079682
1439,0.02809435462496701
1998,-0.010672926447574449
1906,-0.023851513486946696
2008,-0.040610678593120286
1536,-0.002515068730757575
667,-0.04790916643589027
751,0.008966400630604054
2164,0.027038256256192383
1061,0.0024545524277057584
2083,-0.043481580454285074
1858,-0.021242866201648614
663,0.06047516198704118
2177,0.013776254623188988
2006,-0.04929482512202354
1232,0.008590505659148207
251,0.02367079388201021
1078,-0.07820707365472157
538,0.030612244897959332
1339,-0.012422066880785955
752,0.032421874999999815
368,-0.03156856297270638
1479,0.003275372091902984
1039,0.002410283877879005
13,-0.07348242811501593
2262,-0.0022297051328721285
1321,-0.007164996175985205
1177,-0.008940920766646876
2148,0.006638258399281004
601,0.0330953926022064
1638,-0.004611514812744577
1847,-0.0024620562844765988
1978,0.016160545749577704
1218,0.01982037782595225
97,-0.036688311688311666
1318,0.007890906305064059
710,-0.015384615384615332
1473,0.01607337020753552
1056,0.009408216029876515
750,0.019487694625816232
889,-0.012268691113671792
670,-0.007692307692307777
678,0.000511508951406503
1760,-0.04005404116665345
480,-0.023855577047066312
2005,0.035346343914900664
1429,0.027076734443649556
189,-0.008779264214046845
1927,0.015253515125692285
1529,-0.0044442507951723
1482,0.0191315054221719
296,0.004466098254161555
951,-0.05872862213617304
1739,0.026228576839314455
1253,0.030332191385349594
2237,-0.0013634592910011234
2215,0.007484422814585391
142,0.018567639257294436
928,-0.029933796352707095
435,0.005434782608695564
458,-0.003757044458359449
137,-0.027448071216617298
1188,0.01242013800153341
1865,0.009436980166346752
688,0.008792965627497873
1748,-0.0342702702702703
479,0.007142857142857118
1852,-0.010813812930837384
1695,0.03289112175209996
875,-0.04906068387619944
71,-0.00930004894762615
474,-0.00849473326537542
595,-0.007292327203551108
1050,0.053466814979606925
119,0.01785134696527102
790,0.032298136645962705
350,0.029767167698202087
199,0.0113590263691683
1864,-0.016393442622950727
506,-0.02844359220198145
653,-0.014621409921670938
808,0.006282469493777976
1344,-0.02220857156357792
25,-0.038099717779868425
1566,0.004576436222005764
2125,-0.014019721258194172
313,-0.032600454890068235
1645,-0.000609039892113028
1555,-0.05301636715249269
1091,-0.01923631420686256
1129,-0.007322551662174327
1538,0.012911213300318414
21,-0.020147420147420103
1699,0.0019467878001298007
1813,-0.0025846187687316173
1307,0.0029818269734456226
498,0.05266438142723584
687,0.024849808847624333
1809,-0.014474098229354415
654,0.010333863275039823
2189,0.019762845849802257
1362,0.05218785796105374
1340,0.029508823951408525
215,0.025718608169440268
1108,-0.023843030034980558
1341,-0.022809625569079284
1935,-0.009629852542882957
2067,0.019830028328611915
1160,0.0005520794994477995
1128,0.015094167540699475
353,-0.02576687116564413
1911,-0.01428127910586774
966,0.015308332932171709
1840,-0.021798971222021343
1945,-0.02347328847186669
1615,-0.002695143656242016
1955,-0.020999607483972338
660,0.01477962523093179
4,-0.01924270639354431
462,-0.006298740251949653
2186,0.02729672077804701
171,0.02422003284072249
1454,-0.0005998320470268492
778,0.018074511250461004
2012,0.007309941520467822
179,-0.005664488017429137
1642,0.009966923925027515
1801,0.0004535533066871711
1284,-0.0888461111316774
413,0.023112931538911585
1985,-0.027131510508188742
192,-0.031132783195799037
1959,-0.022762768750207774
770,0.002532059135832654
1308,-0.0017275320396931138
1388,8.952150754226729e-05
1243,-0.0011315306878927345
1878,-0.005864586693252849
331,-0.008342401160681967
1228,-0.0003616781867866736
293,0.026828212894850708
2145,0.0011643181275378114
1720,0.027891871238895805
789,0.02042253521126769
798,0.017704444176803502
1560,-0.01464329144710186
1541,0.003112356053532661
1850,-0.06795814127320288
1225,-0.0063741113017896645
123,-0.07784247624885088
1888,0.011936850211782923
17,-0.015969938938468764
1896,0.0033264407084419023
1262,-0.04232804232804244
1510,0.041627434461569024
2014,-0.01994684651215961
319,-0.002949852507374673
63,0.02710280373831786
1310,0.011788682864450006
2249,-0.007040543821315803
768,0.005460808199613697
1048,0.0023171889838558
2122,0.02285437114813971
2066,-0.003717216218076858
867,0.030867792661618987
1610,-0.019293967984734373
897,0.016465053763440762
1879,-0.003362534289000907
484,-0.029924366984544593
476,-0.035351767588379435
2168,0.02302158273381294
1313,-0.0006863679694947278
1079,-0.05200287028829509
1723,-0.0500289370458491
1233,-0.0010898962580228042
2034,-0.02358839760414555
1716,0.01869947732363753
659,-0.013794898490369634
1833,0.03688691899457619
285,-0.004956157072054879
873,0.030552926862241536
1158,0.01116449325097224
586,-0.034166960197252516
1614,0.018173345759552758
1013,-0.01613915538420152
1724,0.043626886888242115
1670,-0.038640263082642234
169,0.003341687552213868
393,-0.005979073243647215
1297,0.00529994974185577
120,0.010841836734693857
1303,0.037966726731760485
760,0.015130334676424663
1844,-0.03409023537084244
692,0.009333029820168592
1940,-0.003153415179254715
1349,0.0025456271303447853
2086,-0.01810183743382121
1430,0.021140071627536727
684,0.02480045610034232
1389,-0.019648211967954188
297,-0.029911075181891626
2312,-0.009277811656067671
1302,-0.04187745924676789
514,0.047400611620795015
0,-0.002511511092507468
531,0.07003891050583655
2126,0.020057546721792274
721,0.1438249088066701
322,0.001112759643916883
1325,-0.0057357515046249094
839,0.009885791477342476
2317,-0.0027250172855575183
231,0.01996615905245336
950,0.006822612085769952
1877,0.036848986044814465
2155,-0.0379031178910747
1296,-0.051566494778350735
824,-0.04555634456765178
1623,-0.004452498058503784
903,-0.007821045723036546
646,0.02750000000000008
961,-0.038535552775906916
2138,-0.030543714925327262
2321,0.01277259846400258
775,-0.021393552221066647
485,-0.045762711864406835
1112,-0.01577845757526963
93,0.1920422249289484
436,-0.021337126600284532
235,-0.04746100232326589
2090,-0.01739036118442461
1074,0.021198228909525385
883,-0.0021937113607658487
2038,-0.003919436974309075
396,0.02005835156819824
753,0.03339008702232316
361,0.021472392638036686
228,0.08458083832335328
1474,-0.02796259247196775
2283,-0.003408792937680261
881,0.00873478030704078
1857,0.04095844747351385
1213,0.0600650093851578
714,0.015578078078078096
213,-0.006698920729438007
507,0.008552631578947478
323,0.032975175991107886
916,0.08433174963850454
1423,0.047094972067039054
2010,-0.0018583460719959755
1353,-0.028026291765565148
1387,-0.06916378484229824
1784,-0.012056759514019966
62,0.04237700925474908
2245,-0.03343054655433142
508,0.018590998043052757
1954,0.06544922283404198
1064,-0.03582446398272398
1736,-0.020911873690994117
927,-0.026607100498141856
1106,-0.038649592549476086
1673,-0.01398752658711555
865,0.01101115509175954
257,0.02658839779005517
245,-0.0184905660377358
1715,0.007951570680628128
1176,0.014431749849669329
1151,-0.0027596223674656306
125,0.03365949119373779
1910,0.0245503441096524
1897,0.009408602150537515
2045,-0.02460649252265656
575,-0.030085470085470026
1143,-0.056597307221542215
2198,0.02822363873742395
2165,-0.012852030496343536
2280,0.017561013767209088
2203,-0.011411577564146902
61,0.021393034825870627
2236,-0.026868217788939885
444,0.03909240021869875
949,0.03826137239784111
1017,-0.011021040167592757
1824,-0.012396813902968762
1931,0.01266128788565557
1153,0.029242112654862762
399,0.008182748039549992
112,0.025665399239543696
819,-0.00191343021151158
